                  epoch,         train/box_loss,         train/cls_loss,         train/dfl_loss,   metrics/precision(B),      metrics/recall(B),       metrics/mAP50(B),    metrics/mAP50-95(B),           val/box_loss,           val/cls_loss,           val/dfl_loss,                 lr/pg0,                 lr/pg1,                 lr/pg2
                      0,                0.99017,                 1.1638,                 1.3604,                0.50995,                0.51608,                0.44664,                0.31526,                0.96091,                 9.1614,                 1.2556,                0.07001,              0.0033322,              0.0033322
                      1,                0.99014,                 1.1675,                 1.3629,                0.49685,                0.55614,                0.46705,                0.33298,                0.96114,                 8.3726,                 1.2611,                0.03935,              0.0060056,              0.0060056
                      2,                 1.0132,                 1.2358,                 1.3797,                0.49943,                 0.5393,                0.45048,                0.31398,                0.98856,                 8.8961,                 1.2819,              0.0080305,              0.0080191,              0.0080191
                      3,                 1.0482,                  1.311,                 1.4101,                0.50459,                0.49597,                0.42735,                0.29818,                 1.0095,                 6.9674,                 1.2982,                0.00703,                0.00703,                0.00703
                      4,                 1.0528,                 1.3281,                 1.4127,                 0.4791,                0.51126,                0.40583,                0.28166,                 1.0155,                 6.2127,                 1.3083,                0.00703,                0.00703,                0.00703
